filename,colors_bt,time_bt,colors_gr,time_gr,colors_ds,time_ds
gc_50_9.txt,0.0,837.2417006492615,23,0.002383708953857422,24,0.0030813217163085938
gc_70_9.txt,,,32,0.0003571510314941406,29,0.005456447601318359
gc_100_9.txt,,,45,0.00043272972106933594,44,0.016726255416870117
gc_250_9.txt,,,97,0.0028688907623291016,93,0.18465924263000488
gc_500_9.txt,,,169,0.00861978530883789,164,1.4727866649627686
